{
    "netball_results": [
    {
      "league_id": 2008,
      "home_team_id": 22031,
      "away_team_id": 10000,
      "home_logo": "https://upload.wikimedia.org/wikipedia/en/thumb/b/be/UKZN_logo.svg/1920px-UKZN_logo.svg.png",
      "away_logo": "https://safagauteng.org.za/wp-content/uploads/2023/03/University-of-Johannesburg-FC_logo.png",
      "date": "2025-05-26",
      "time": "14:00",
      "venue": "UL Netball Arena",
      "referee": "Ref. M. Dlamini",
      "home_score": 32,
      "away_score": 35
    },
    {
      "league_id": 2008,
      "home_team_id": 10000,
      "away_team_id": 22230,
      "home_logo": "https://safagauteng.org.za/wp-content/uploads/2023/03/University-of-Johannesburg-FC_logo.png",
      "away_logo": "https://upload.wikimedia.org/wikipedia/en/thumb/9/9e/University_of_Venda_logo.svg/1200px-University_of_Venda_logo.svg.png",
      "date": "2025-05-26",
      "time": "18:00",
      "venue": "UJ Netball Court",
      "referee": "Ref. M. Dlamini",
      "home_score": 58,
      "away_score": 39
    },
    {
      "league_id": 2008,
      "home_team_id": 22231,
      "away_team_id": 10000,
      "home_logo": "https://usaf.ac.za/wp-content/uploads/2023/08/University_of_Limpopo-logo.webp",
      "away_logo": "https://safagauteng.org.za/wp-content/uploads/2023/03/University-of-Johannesburg-FC_logo.png",
      "date": "2025-05-18",
      "time": "16:00",
      "venue": "UKZN Netball Grounds",
      "referee": "Ref. P. Sithole",
      "home_score": 43,
      "away_score": 32
    },
    {
      "league_id": 2008,
      "home_team_id": 21301,
      "away_team_id": 30001,
      "home_logo": "https://static.wixstatic.com/media/9ef253_8e2ff0e89754477eac69be92fb74ee6d~mv2.jpeg",
      "away_logo": "https://upload.wikimedia.org/wikipedia/en/thumb/8/8f/University_of_the_Free_State_shield.svg/1200px-University_of_the_Free_State_shield.svg.png",
      "date": "2025-05-27",
      "time": "17:00",
      "venue": "UFS Indoor Stadium",
      "referee": "Ref. P. Sithole",
      "home_score": 35,
      "away_score": 54
    },
    {
      "league_id": 2008,
      "home_team_id": 22231,
      "away_team_id": 30001,
      "home_logo": "https://usaf.ac.za/wp-content/uploads/2023/08/University_of_Limpopo-logo.webp",
      "away_logo": "https://upload.wikimedia.org/wikipedia/en/thumb/8/8f/University_of_the_Free_State_shield.svg/1200px-University_of_the_Free_State_shield.svg.png",
      "date": "2025-05-10",
      "time": "17:00",
      "venue": "NWU Netball Arena",
      "referee": "Ref. P. Sithole",
      "home_score": 59,
      "away_score": 52
    },
    {
      "league_id": 2009,
      "home_team_id": 22230,
      "away_team_id": 21301,
      "home_logo": "https://upload.wikimedia.org/wikipedia/en/thumb/9/9e/University_of_Venda_logo.svg/1200px-University_of_Venda_logo.svg.png",
      "away_logo": "https://static.wixstatic.com/media/9ef253_8e2ff0e89754477eac69be92fb74ee6d~mv2.jpeg",
      "date": "2025-05-29",
      "time": "14:00",
      "venue": "NWU Netball Arena",
      "referee": "Ref. T. Mahlangu",
      "home_score": 33,
      "away_score": 36
    },
    {
      "league_id": 2009,
      "home_team_id": 10000,
      "away_team_id": 21301,
      "home_logo": "https://safagauteng.org.za/wp-content/uploads/2023/03/University-of-Johannesburg-FC_logo.png",
      "away_logo": "https://static.wixstatic.com/media/9ef253_8e2ff0e89754477eac69be92fb74ee6d~mv2.jpeg",
      "date": "2025-05-05",
      "time": "15:00",
      "venue": "UFS Indoor Stadium",
      "referee": "Ref. P. Sithole",
      "home_score": 46,
      "away_score": 35
    },
    {
      "league_id": 2009,
      "home_team_id": 22230,
      "away_team_id": 22231,
      "home_logo": "https://upload.wikimedia.org/wikipedia/en/thumb/9/9e/University_of_Venda_logo.svg/1200px-University_of_Venda_logo.svg.png",
      "away_logo": "https://usaf.ac.za/wp-content/uploads/2023/08/University_of_Limpopo-logo.webp",
      "date": "2025-05-04",
      "time": "15:00",
      "venue": "UL Netball Arena",
      "referee": "Ref. Z. Khumalo",
      "home_score": 48,
      "away_score": 46
    },
    {
      "league_id": 2009,
      "home_team_id": 30001,
      "away_team_id": 21301,
      "home_logo": "https://upload.wikimedia.org/wikipedia/en/thumb/8/8f/University_of_the_Free_State_shield.svg/1200px-University_of_the_Free_State_shield.svg.png",
      "away_logo": "https://static.wixstatic.com/media/9ef253_8e2ff0e89754477eac69be92fb74ee6d~mv2.jpeg",
      "date": "2025-05-19",
      "time": "17:00",
      "venue": "UJ Netball Court",
      "referee": "Ref. Z. Khumalo",
      "home_score": 56,
      "away_score": 37
    },
    {
      "league_id": 2009,
      "home_team_id": 21301,
      "away_team_id": 22230,
      "home_logo": "https://static.wixstatic.com/media/9ef253_8e2ff0e89754477eac69be92fb74ee6d~mv2.jpeg",
      "away_logo": "https://upload.wikimedia.org/wikipedia/en/thumb/9/9e/University_of_Venda_logo.svg/1200px-University_of_Venda_logo.svg.png",
      "date": "2025-05-18",
      "time": "17:00",
      "venue": "NWU Netball Arena",
      "referee": "Ref. M. Dlamini",
      "home_score": 36,
      "away_score": 59
    },
    {
      "league_id": 3005,
      "home_team_id": 10000,
      "away_team_id": 22031,
      "home_logo": "https://safagauteng.org.za/wp-content/uploads/2023/03/University-of-Johannesburg-FC_logo.png",
      "away_logo": "https://upload.wikimedia.org/wikipedia/en/thumb/b/be/UKZN_logo.svg/1920px-UKZN_logo.svg.png",
      "date": "2025-05-23",
      "time": "15:00",
      "venue": "UJ Netball Court",
      "referee": "Ref. T. Mahlangu",
      "home_score": 40,
      "away_score": 33
    },
    {
      "league_id": 3005,
      "home_team_id": 22231,
      "away_team_id": 30001,
      "home_logo": "https://usaf.ac.za/wp-content/uploads/2023/08/University_of_Limpopo-logo.webp",
      "away_logo": "https://upload.wikimedia.org/wikipedia/en/thumb/8/8f/University_of_the_Free_State_shield.svg/1200px-University_of_the_Free_State_shield.svg.png",
      "date": "2025-05-06",
      "time": "13:00",
      "venue": "UL Netball Arena",
      "referee": "Ref. P. Sithole",
      "home_score": 46,
      "away_score": 41
    },
    {
      "league_id": 3005,
      "home_team_id": 21301,
      "away_team_id": 10000,
      "home_logo": "https://static.wixstatic.com/media/9ef253_8e2ff0e89754477eac69be92fb74ee6d~mv2.jpeg",
      "away_logo": "https://safagauteng.org.za/wp-content/uploads/2023/03/University-of-Johannesburg-FC_logo.png",
      "date": "2025-05-12",
      "time": "18:00",
      "venue": "UKZN Netball Grounds",
      "referee": "Ref. M. Dlamini",
      "home_score": 56,
      "away_score": 45
    },
    {
      "league_id": 3005,
      "home_team_id": 22230,
      "away_team_id": 22231,
      "home_logo": "https://upload.wikimedia.org/wikipedia/en/thumb/9/9e/University_of_Venda_logo.svg/1200px-University_of_Venda_logo.svg.png",
      "away_logo": "https://usaf.ac.za/wp-content/uploads/2023/08/University_of_Limpopo-logo.webp",
      "date": "2025-05-07",
      "time": "14:00",
      "venue": "UFS Indoor Stadium",
      "referee": "Ref. P. Sithole",
      "home_score": 34,
      "away_score": 52
    },
    {
      "league_id": 3005,
      "home_team_id": 21301,
      "away_team_id": 22231,
      "home_logo": "https://static.wixstatic.com/media/9ef253_8e2ff0e89754477eac69be92fb74ee6d~mv2.jpeg",
      "away_logo": "https://usaf.ac.za/wp-content/uploads/2023/08/University_of_Limpopo-logo.webp",
      "date": "2025-05-11",
      "time": "17:00",
      "venue": "Venda Netball Grounds",
      "referee": "Ref. M. Dlamini",
      "home_score": 45,
      "away_score": 60
    },
    {
      "league_id": 3006,
      "home_team_id": 21301,
      "away_team_id": 22230,
      "home_logo": "https://static.wixstatic.com/media/9ef253_8e2ff0e89754477eac69be92fb74ee6d~mv2.jpeg",
      "away_logo": "https://upload.wikimedia.org/wikipedia/en/thumb/9/9e/University_of_Venda_logo.svg/1200px-University_of_Venda_logo.svg.png",
      "date": "2025-05-29",
      "time": "14:00",
      "venue": "UFS Indoor Stadium",
      "referee": "Ref. P. Sithole",
      "home_score": 34,
      "away_score": 56
    },
    {
      "league_id": 3006,
      "home_team_id": 22230,
      "away_team_id": 30001,
      "home_logo": "https://upload.wikimedia.org/wikipedia/en/thumb/9/9e/University_of_Venda_logo.svg/1200px-University_of_Venda_logo.svg.png",
      "away_logo": "https://upload.wikimedia.org/wikipedia/en/thumb/8/8f/University_of_the_Free_State_shield.svg/1200px-University_of_the_Free_State_shield.svg.png",
      "date": "2025-05-16",
      "time": "17:00",
      "venue": "UJ Netball Court",
      "referee": "Ref. P. Sithole",
      "home_score": 30,
      "away_score": 58
    },
    {
      "league_id": 3006,
      "home_team_id": 10000,
      "away_team_id": 22231,
      "home_logo": "https://safagauteng.org.za/wp-content/uploads/2023/03/University-of-Johannesburg-FC_logo.png",
      "away_logo": "https://usaf.ac.za/wp-content/uploads/2023/08/University_of_Limpopo-logo.webp",
      "date": "2025-05-19",
      "time": "13:00",
      "venue": "UFS Indoor Stadium",
      "referee": "Ref. T. Mahlangu",
      "home_score": 31,
      "away_score": 40
    },
    {
      "league_id": 3006,
      "home_team_id": 22231,
      "away_team_id": 10000,
      "home_logo": "https://usaf.ac.za/wp-content/uploads/2023/08/University_of_Limpopo-logo.webp",
      "away_logo": "https://safagauteng.org.za/wp-content/uploads/2023/03/University-of-Johannesburg-FC_logo.png",
      "date": "2025-05-14",
      "time": "15:00",
      "venue": "UL Netball Arena",
      "referee": "Ref. P. Sithole",
      "home_score": 35,
      "away_score": 43
    },
    {
      "league_id": 3006,
      "home_team_id": 21301,
      "away_team_id": 30001,
      "home_logo": "https://static.wixstatic.com/media/9ef253_8e2ff0e89754477eac69be92fb74ee6d~mv2.jpeg",
      "away_logo": "https://upload.wikimedia.org/wikipedia/en/thumb/8/8f/University_of_the_Free_State_shield.svg/1200px-University_of_the_Free_State_shield.svg.png",
      "date": "2025-05-23",
      "time": "18:00",
      "venue": "UJ Netball Court",
      "referee": "Ref. T. Mahlangu",
      "home_score": 46,
      "away_score": 38
    }
  ]
  
}